famille,familleLabel,membreLabel
http://www.wikidata.org/entity/Q172100,Bobby Unser,Jerry Unser
http://www.wikidata.org/entity/Q172954,Christian Fittipaldi,Wilson Fittipaldi
http://www.wikidata.org/entity/Q171616,Corrado Fabi,Teo Fabi
http://www.wikidata.org/entity/Q10505,Damon Hill,Graham Hill
http://www.wikidata.org/entity/Q173001,David Brabham,Jack Brabham
http://www.wikidata.org/entity/Q173001,David Brabham,Gary Brabham
http://www.wikidata.org/entity/Q172849,Emerson Fittipaldi,Wilson Fittipaldi
http://www.wikidata.org/entity/Q706616,Ernesto Brambilla,Vittorio Brambilla
http://www.wikidata.org/entity/Q439288,Gary Brabham,Jack Brabham
http://www.wikidata.org/entity/Q439288,Gary Brabham,David Brabham
http://www.wikidata.org/entity/Q1146467,Giannino Marzotto,Vittorio Marzotto
http://www.wikidata.org/entity/Q172845,Gilles Villeneuve,Jacques Villeneuve
http://www.wikidata.org/entity/Q172845,Gilles Villeneuve,Jacques-Joseph Villeneuve
http://www.wikidata.org/entity/Q3128,Graham Hill,Damon Hill
http://www.wikidata.org/entity/Q61541,Hans Stuck,Hans-Joachim Stuck
http://www.wikidata.org/entity/Q58654,Hans-Joachim Stuck,Hans Stuck
http://www.wikidata.org/entity/Q2125,Jack Brabham,Gary Brabham
http://www.wikidata.org/entity/Q2125,Jack Brabham,David Brabham
http://www.wikidata.org/entity/Q3188,Jackie Stewart,Jimmy Stewart
http://www.wikidata.org/entity/Q172843,Jacques Villeneuve,Gilles Villeneuve
http://www.wikidata.org/entity/Q374813,Jacques-Joseph Villeneuve,Gilles Villeneuve
http://www.wikidata.org/entity/Q173092,Jan Magnussen,Kevin Magnussen
http://www.wikidata.org/entity/Q172441,Jerry Unser,Bobby Unser
http://www.wikidata.org/entity/Q172249,Jimmy Stewart,Jackie Stewart
http://www.wikidata.org/entity/Q58814,Joachim Winkelhock,Manfred Winkelhock
http://www.wikidata.org/entity/Q714365,Jolyon Palmer,Jonathan Palmer
http://www.wikidata.org/entity/Q171515,Jonathan Palmer,Jolyon Palmer
http://www.wikidata.org/entity/Q173145,Jos Verstappen,Max Verstappen
http://www.wikidata.org/entity/Q171302,Kazuki Nakajima,Satoru Nakajima
http://www.wikidata.org/entity/Q171381,Keke Rosberg,Nico Rosberg
http://www.wikidata.org/entity/Q1740212,Kevin Magnussen,Jan Magnussen
http://www.wikidata.org/entity/Q2253016,Luigi De Filippis,Maria Teresa de Filippis
http://www.wikidata.org/entity/Q57733,Manfred Winkelhock,Joachim Winkelhock
http://www.wikidata.org/entity/Q57733,Manfred Winkelhock,Markus Winkelhock
http://www.wikidata.org/entity/Q171572,Maria Teresa de Filippis,Luigi De Filippis
http://www.wikidata.org/entity/Q171312,Mario Andretti,Michael Andretti
http://www.wikidata.org/entity/Q75841,Markus Winkelhock,Manfred Winkelhock
http://www.wikidata.org/entity/Q2239218,Max Verstappen,Jos Verstappen
http://www.wikidata.org/entity/Q171519,Michael Andretti,Mario Andretti
http://www.wikidata.org/entity/Q9671,Michael Schumacher,Mick Schumacher
http://www.wikidata.org/entity/Q18119599,Mick Schumacher,Michael Schumacher
http://www.wikidata.org/entity/Q172838,Nelson Angelo Piquet,Nelson Piquet
http://www.wikidata.org/entity/Q171346,Nelson Piquet,Nelson Angelo Piquet
http://www.wikidata.org/entity/Q75820,Nico Rosberg,Keke Rosberg
http://www.wikidata.org/entity/Q171452,Pedro Rodríguez de la Vega,Ricardo Rodríguez de la Vega
http://www.wikidata.org/entity/Q171766,Ricardo Rodríguez de la Vega,Pedro Rodríguez de la Vega
http://www.wikidata.org/entity/Q173221,Satoru Nakajima,Kazuki Nakajima
http://www.wikidata.org/entity/Q171610,Teo Fabi,Corrado Fabi
http://www.wikidata.org/entity/Q171533,Vittorio Brambilla,Ernesto Brambilla
http://www.wikidata.org/entity/Q187018,Vittorio Marzotto,Giannino Marzotto
http://www.wikidata.org/entity/Q173296,Wilson Fittipaldi,Christian Fittipaldi
http://www.wikidata.org/entity/Q173296,Wilson Fittipaldi,Emerson Fittipaldi
